{
    "length": {
        "mean": 4.401913719
    },
    "width": {
        "mean": 1.788153724
    },
    "height": {
        "mean": 1.489997181
    }
}