{
    "length": {
        "mean": 5.149705924
    },
    "width": {
        "mean": 1.934130886
    },
    "height": {
        "mean": 1.750965298
    }
}